Year,Gebietseinheit,Kategorien,GeoCode,Value
1992,Niedersachsen,Flaeche,K030,37494
1993,Niedersachsen,Flaeche,K030,43926
1994,Niedersachsen,Flaeche,K030,44671
1995,Niedersachsen,Flaeche,K030,38580
1996,Niedersachsen,Flaeche,K030,40326
1997,Niedersachsen,Flaeche,K030,35087
1998,Niedersachsen,Flaeche,K030,49079
1999,Niedersachsen,Flaeche,K030,43918
2000,Niedersachsen,Flaeche,K030,32570
2001,Niedersachsen,Flaeche,K030,30309
2002,Niedersachsen,Flaeche,K030,28077
2003,Niedersachsen,Flaeche,K030,24097
2004,Niedersachsen,Flaeche,K030,21015
2005,Niedersachsen,Flaeche,K030,21281
2006,Niedersachsen,Flaeche,K030,20285
2007,Niedersachsen,Flaeche,K030,22182
2008,Niedersachsen,Flaeche,K030,19701
2009,Niedersachsen,Flaeche,K030,15835
2010,Niedersachsen,Flaeche,K030,17546
2011,Niedersachsen,Flaeche,K030,17088
2012,Niedersachsen,Flaeche,K030,22409
2013,Niedersachsen,Flaeche,K030,22568
2014,Niedersachsen,Flaeche,K030,21016
2015,Niedersachsen,Flaeche,K030,23026
2016,Niedersachsen,Flaeche,K030,25222
2017,Niedersachsen,Flaeche,K030,24361
2018,Niedersachsen,Flaeche,K030,24337
2019,Niedersachsen,Flaeche,K030,24639
1991,Statistische Region Braunschweig,Flaeche,0,5368
1992,Statistische Region Braunschweig,Flaeche,0,5607
1993,Statistische Region Braunschweig,Flaeche,0,6558
1994,Statistische Region Braunschweig,Flaeche,0,6437
1995,Statistische Region Braunschweig,Flaeche,0,5947
1996,Statistische Region Braunschweig,Flaeche,0,5805
1997,Statistische Region Braunschweig,Flaeche,0,5013
1998,Statistische Region Braunschweig,Flaeche,0,6398
1999,Statistische Region Braunschweig,Flaeche,0,6007
2000,Statistische Region Braunschweig,Flaeche,0,4804
2001,Statistische Region Braunschweig,Flaeche,0,4363
2002,Statistische Region Braunschweig,Flaeche,0,4020
2003,Statistische Region Braunschweig,Flaeche,0,3908
2004,Statistische Region Braunschweig,Flaeche,0,3115
2005,Statistische Region Braunschweig,Flaeche,0,3185
2006,Statistische Region Braunschweig,Flaeche,0,3096
2007,Statistische Region Braunschweig,Flaeche,0,2866
2008,Statistische Region Braunschweig,Flaeche,0,2419
2009,Statistische Region Braunschweig,Flaeche,0,1567
2010,Statistische Region Braunschweig,Flaeche,0,1899
2011,Statistische Region Braunschweig,Flaeche,0,2350
2012,Statistische Region Braunschweig,Flaeche,0,3142
2013,Statistische Region Braunschweig,Flaeche,0,3309
2014,Statistische Region Braunschweig,Flaeche,0,3108
2015,Statistische Region Braunschweig,Flaeche,0,3953
2016,Statistische Region Braunschweig,Flaeche,0,3883
2017,Statistische Region Braunschweig,Flaeche,0,4022
2018,Statistische Region Braunschweig,Flaeche,0,3456
2019,Statistische Region Braunschweig,Flaeche,0,4132
1991,Braunschweig Stadt,Flaeche,K03101,608
1992,Braunschweig Stadt,Flaeche,K03101,407
1993,Braunschweig Stadt,Flaeche,K03101,338
1994,Braunschweig Stadt,Flaeche,K03101,276
1995,Braunschweig Stadt,Flaeche,K03101,448
1996,Braunschweig Stadt,Flaeche,K03101,276
1997,Braunschweig Stadt,Flaeche,K03101,346
1998,Braunschweig Stadt,Flaeche,K03101,370
1999,Braunschweig Stadt,Flaeche,K03101,315
2000,Braunschweig Stadt,Flaeche,K03101,380
2001,Braunschweig Stadt,Flaeche,K03101,351
2002,Braunschweig Stadt,Flaeche,K03101,344
2003,Braunschweig Stadt,Flaeche,K03101,384
2004,Braunschweig Stadt,Flaeche,K03101,377
2005,Braunschweig Stadt,Flaeche,K03101,571
2006,Braunschweig Stadt,Flaeche,K03101,264
2007,Braunschweig Stadt,Flaeche,K03101,359
2008,Braunschweig Stadt,Flaeche,K03101,241
2009,Braunschweig Stadt,Flaeche,K03101,371
2010,Braunschweig Stadt,Flaeche,K03101,352
2011,Braunschweig Stadt,Flaeche,K03101,271
2012,Braunschweig Stadt,Flaeche,K03101,386
2013,Braunschweig Stadt,Flaeche,K03101,427
2014,Braunschweig Stadt,Flaeche,K03101,381
2015,Braunschweig Stadt,Flaeche,K03101,257
2016,Braunschweig Stadt,Flaeche,K03101,275
2017,Braunschweig Stadt,Flaeche,K03101,312
2018,Braunschweig Stadt,Flaeche,K03101,228
2019,Braunschweig Stadt,Flaeche,K03101,181
1991,Salzgitter-Stadt,Flaeche,K03102,87
1992,Salzgitter-Stadt,Flaeche,K03102,827
1993,Salzgitter-Stadt,Flaeche,K03102,348
1994,Salzgitter-Stadt,Flaeche,K03102,242
1995,Salzgitter-Stadt,Flaeche,K03102,127
1996,Salzgitter-Stadt,Flaeche,K03102,181
1997,Salzgitter-Stadt,Flaeche,K03102,142
1998,Salzgitter-Stadt,Flaeche,K03102,228
1999,Salzgitter-Stadt,Flaeche,K03102,432
2000,Salzgitter-Stadt,Flaeche,K03102,217
2001,Salzgitter-Stadt,Flaeche,K03102,95
2002,Salzgitter-Stadt,Flaeche,K03102,135
2003,Salzgitter-Stadt,Flaeche,K03102,153
2004,Salzgitter-Stadt,Flaeche,K03102,143
2005,Salzgitter-Stadt,Flaeche,K03102,101
2006,Salzgitter-Stadt,Flaeche,K03102,564
2007,Salzgitter-Stadt,Flaeche,K03102,72
2008,Salzgitter-Stadt,Flaeche,K03102,97
2009,Salzgitter-Stadt,Flaeche,K03102,33
2010,Salzgitter-Stadt,Flaeche,K03102,129
2011,Salzgitter-Stadt,Flaeche,K03102,57
2012,Salzgitter-Stadt,Flaeche,K03102,129
2013,Salzgitter-Stadt,Flaeche,K03102,73
2014,Salzgitter-Stadt,Flaeche,K03102,110
2015,Salzgitter-Stadt,Flaeche,K03102,97
2016,Salzgitter-Stadt,Flaeche,K03102,90
2017,Salzgitter-Stadt,Flaeche,K03102,57
2018,Salzgitter-Stadt,Flaeche,K03102,86
2019,Salzgitter-Stadt,Flaeche,K03102,431
1991,Wolfsburg-Stadt,Flaeche,K03103,122
1992,Wolfsburg-Stadt,Flaeche,K03103,119
1993,Wolfsburg-Stadt,Flaeche,K03103,410
1994,Wolfsburg-Stadt,Flaeche,K03103,95
1995,Wolfsburg-Stadt,Flaeche,K03103,183
1996,Wolfsburg-Stadt,Flaeche,K03103,144
1997,Wolfsburg-Stadt,Flaeche,K03103,151
1998,Wolfsburg-Stadt,Flaeche,K03103,182
1999,Wolfsburg-Stadt,Flaeche,K03103,500
2000,Wolfsburg-Stadt,Flaeche,K03103,280
2001,Wolfsburg-Stadt,Flaeche,K03103,135
2002,Wolfsburg-Stadt,Flaeche,K03103,289
2003,Wolfsburg-Stadt,Flaeche,K03103,524
2004,Wolfsburg-Stadt,Flaeche,K03103,262
2005,Wolfsburg-Stadt,Flaeche,K03103,277
2006,Wolfsburg-Stadt,Flaeche,K03103,301
2007,Wolfsburg-Stadt,Flaeche,K03103,197
2008,Wolfsburg-Stadt,Flaeche,K03103,184
2009,Wolfsburg-Stadt,Flaeche,K03103,165
2010,Wolfsburg-Stadt,Flaeche,K03103,154
2011,Wolfsburg-Stadt,Flaeche,K03103,231
2012,Wolfsburg-Stadt,Flaeche,K03103,244
2013,Wolfsburg-Stadt,Flaeche,K03103,223
2014,Wolfsburg-Stadt,Flaeche,K03103,163
2015,Wolfsburg-Stadt,Flaeche,K03103,524
2016,Wolfsburg-Stadt,Flaeche,K03103,254
2017,Wolfsburg-Stadt,Flaeche,K03103,178
2018,Wolfsburg-Stadt,Flaeche,K03103,229
2019,Wolfsburg-Stadt,Flaeche,K03103,89
1991,Gifhorn,Flaeche,K03151,1234
1992,Gifhorn,Flaeche,K03151,903
1993,Gifhorn,Flaeche,K03151,1184
1994,Gifhorn,Flaeche,K03151,1222
1995,Gifhorn,Flaeche,K03151,1197
1996,Gifhorn,Flaeche,K03151,1111
1997,Gifhorn,Flaeche,K03151,1026
1998,Gifhorn,Flaeche,K03151,1247
1999,Gifhorn,Flaeche,K03151,1077
2000,Gifhorn,Flaeche,K03151,1126
2001,Gifhorn,Flaeche,K03151,1135
2002,Gifhorn,Flaeche,K03151,857
2003,Gifhorn,Flaeche,K03151,671
2004,Gifhorn,Flaeche,K03151,743
2005,Gifhorn,Flaeche,K03151,539
2006,Gifhorn,Flaeche,K03151,564
2007,Gifhorn,Flaeche,K03151,598
2008,Gifhorn,Flaeche,K03151,378
2009,Gifhorn,Flaeche,K03151,272
2010,Gifhorn,Flaeche,K03151,265
2011,Gifhorn,Flaeche,K03151,568
2012,Gifhorn,Flaeche,K03151,667
2013,Gifhorn,Flaeche,K03151,932
2014,Gifhorn,Flaeche,K03151,714
2015,Gifhorn,Flaeche,K03151,988
2016,Gifhorn,Flaeche,K03151,1284
2017,Gifhorn,Flaeche,K03151,892
2018,Gifhorn,Flaeche,K03151,1053
2019,Gifhorn,Flaeche,K03151,843
1991,Goslar,Flaeche,K03153,486
1992,Goslar,Flaeche,K03153,397
1993,Goslar,Flaeche,K03153,423
1994,Goslar,Flaeche,K03153,600
1995,Goslar,Flaeche,K03153,412
1996,Goslar,Flaeche,K03153,492
1997,Goslar,Flaeche,K03153,457
1998,Goslar,Flaeche,K03153,724
1999,Goslar,Flaeche,K03153,588
2000,Goslar,Flaeche,K03153,335
2001,Goslar,Flaeche,K03153,224
2002,Goslar,Flaeche,K03153,252
2003,Goslar,Flaeche,K03153,294
2004,Goslar,Flaeche,K03153,187
2005,Goslar,Flaeche,K03153,152
2006,Goslar,Flaeche,K03153,153
2007,Goslar,Flaeche,K03153,192
2008,Goslar,Flaeche,K03153,253
2009,Goslar,Flaeche,K03153,59
2010,Goslar,Flaeche,K03153,52
2011,Goslar,Flaeche,K03153,100
2012,Goslar,Flaeche,K03153,101
2013,Goslar,Flaeche,K03153,120
2014,Goslar,Flaeche,K03153,92
2015,Goslar,Flaeche,K03153,229
2016,Goslar,Flaeche,K03153,83
2017,Goslar,Flaeche,K03153,266
2018,Goslar,Flaeche,K03153,122
2019,Goslar,Flaeche,K03153,278
1991,Helmstedt,Flaeche,K03154,366
1992,Helmstedt,Flaeche,K03154,360
1993,Helmstedt,Flaeche,K03154,353
1994,Helmstedt,Flaeche,K03154,539
1995,Helmstedt,Flaeche,K03154,495
1996,Helmstedt,Flaeche,K03154,426
1997,Helmstedt,Flaeche,K03154,312
1998,Helmstedt,Flaeche,K03154,392
1999,Helmstedt,Flaeche,K03154,440
2000,Helmstedt,Flaeche,K03154,394
2001,Helmstedt,Flaeche,K03154,485
2002,Helmstedt,Flaeche,K03154,578
2003,Helmstedt,Flaeche,K03154,356
2004,Helmstedt,Flaeche,K03154,157
2005,Helmstedt,Flaeche,K03154,186
2006,Helmstedt,Flaeche,K03154,145
2007,Helmstedt,Flaeche,K03154,163
2008,Helmstedt,Flaeche,K03154,174
2009,Helmstedt,Flaeche,K03154,116
2010,Helmstedt,Flaeche,K03154,201
2011,Helmstedt,Flaeche,K03154,108
2012,Helmstedt,Flaeche,K03154,167
2013,Helmstedt,Flaeche,K03154,295
2014,Helmstedt,Flaeche,K03154,257
2015,Helmstedt,Flaeche,K03154,535
2016,Helmstedt,Flaeche,K03154,351
2017,Helmstedt,Flaeche,K03154,283
2018,Helmstedt,Flaeche,K03154,362
2019,Helmstedt,Flaeche,K03154,479
1991,Northeim,Flaeche,K03155,511
1992,Northeim,Flaeche,K03155,460
1993,Northeim,Flaeche,K03155,521
1994,Northeim,Flaeche,K03155,676
1995,Northeim,Flaeche,K03155,373
1996,Northeim,Flaeche,K03155,636
1997,Northeim,Flaeche,K03155,478
1998,Northeim,Flaeche,K03155,604
1999,Northeim,Flaeche,K03155,483
2000,Northeim,Flaeche,K03155,442
2001,Northeim,Flaeche,K03155,415
2002,Northeim,Flaeche,K03155,363
2003,Northeim,Flaeche,K03155,200
2004,Northeim,Flaeche,K03155,235
2005,Northeim,Flaeche,K03155,217
2006,Northeim,Flaeche,K03155,199
2007,Northeim,Flaeche,K03155,210
2008,Northeim,Flaeche,K03155,151
2009,Northeim,Flaeche,K03155,109
2010,Northeim,Flaeche,K03155,128
2011,Northeim,Flaeche,K03155,146
2012,Northeim,Flaeche,K03155,287
2013,Northeim,Flaeche,K03155,162
2014,Northeim,Flaeche,K03155,249
2015,Northeim,Flaeche,K03155,164
2016,Northeim,Flaeche,K03155,210
2017,Northeim,Flaeche,K03155,315
2018,Northeim,Flaeche,K03155,181
2019,Northeim,Flaeche,K03155,442
1991,Peine,Flaeche,K03157,730
1992,Peine,Flaeche,K03157,721
1993,Peine,Flaeche,K03157,1037
1994,Peine,Flaeche,K03157,1079
1995,Peine,Flaeche,K03157,860
1996,Peine,Flaeche,K03157,697
1997,Peine,Flaeche,K03157,707
1998,Peine,Flaeche,K03157,973
1999,Peine,Flaeche,K03157,603
2000,Peine,Flaeche,K03157,609
2001,Peine,Flaeche,K03157,421
2002,Peine,Flaeche,K03157,321
2003,Peine,Flaeche,K03157,450
2004,Peine,Flaeche,K03157,199
2005,Peine,Flaeche,K03157,263
2006,Peine,Flaeche,K03157,264
2007,Peine,Flaeche,K03157,367
2008,Peine,Flaeche,K03157,133
2009,Peine,Flaeche,K03157,158
2010,Peine,Flaeche,K03157,159
2011,Peine,Flaeche,K03157,415
2012,Peine,Flaeche,K03157,270
2013,Peine,Flaeche,K03157,570
2014,Peine,Flaeche,K03157,541
2015,Peine,Flaeche,K03157,539
2016,Peine,Flaeche,K03157,584
2017,Peine,Flaeche,K03157,839
2018,Peine,Flaeche,K03157,485
2019,Peine,Flaeche,K03157,463
1991,Wolfenb�ttel,Flaeche,K03158,370
1992,Wolfenb�ttel,Flaeche,K03158,381
1993,Wolfenb�ttel,Flaeche,K03158,733
1994,Wolfenb�ttel,Flaeche,K03158,717
1995,Wolfenb�ttel,Flaeche,K03158,721
1996,Wolfenb�ttel,Flaeche,K03158,797
1997,Wolfenb�ttel,Flaeche,K03158,542
1998,Wolfenb�ttel,Flaeche,K03158,762
1999,Wolfenb�ttel,Flaeche,K03158,681
2000,Wolfenb�ttel,Flaeche,K03158,482
2001,Wolfenb�ttel,Flaeche,K03158,450
2002,Wolfenb�ttel,Flaeche,K03158,305
2003,Wolfenb�ttel,Flaeche,K03158,334
2004,Wolfenb�ttel,Flaeche,K03158,317
2005,Wolfenb�ttel,Flaeche,K03158,377
2006,Wolfenb�ttel,Flaeche,K03158,216
2007,Wolfenb�ttel,Flaeche,K03158,193
2008,Wolfenb�ttel,Flaeche,K03158,301
2009,Wolfenb�ttel,Flaeche,K03158,156
2010,Wolfenb�ttel,Flaeche,K03158,154
2011,Wolfenb�ttel,Flaeche,K03158,150
2012,Wolfenb�ttel,Flaeche,K03158,190
2013,Wolfenb�ttel,Flaeche,K03158,178
2014,Wolfenb�ttel,Flaeche,K03158,251
2015,Wolfenb�ttel,Flaeche,K03158,260
2016,Wolfenb�ttel,Flaeche,K03158,332
2017,Wolfenb�ttel,Flaeche,K03158,208
2018,Wolfenb�ttel,Flaeche,K03158,175
2019,Wolfenb�ttel,Flaeche,K03158,393
1991,G�ttingen,Flaeche,K03159,855
1992,G�ttingen,Flaeche,K03159,1034
1993,G�ttingen,Flaeche,K03159,1211
1994,G�ttingen,Flaeche,K03159,991
1995,G�ttingen,Flaeche,K03159,1132
1996,G�ttingen,Flaeche,K03159,1046
1997,G�ttingen,Flaeche,K03159,853
1998,G�ttingen,Flaeche,K03159,917
1999,G�ttingen,Flaeche,K03159,888
2000,G�ttingen,Flaeche,K03159,538
2001,G�ttingen,Flaeche,K03159,650
2002,G�ttingen,Flaeche,K03159,577
2003,G�ttingen,Flaeche,K03159,542
2004,G�ttingen,Flaeche,K03159,495
2005,G�ttingen,Flaeche,K03159,503
2006,G�ttingen,Flaeche,K03159,425
2007,G�ttingen,Flaeche,K03159,515
2008,G�ttingen,Flaeche,K03159,506
2009,G�ttingen,Flaeche,K03159,127
2010,G�ttingen,Flaeche,K03159,306
2011,G�ttingen,Flaeche,K03159,304
2012,G�ttingen,Flaeche,K03159,701
2013,G�ttingen,Flaeche,K03159,331
2014,G�ttingen,Flaeche,K03159,351
2015,G�ttingen,Flaeche,K03159,359
2016,G�ttingen,Flaeche,K03159,419
2017,G�ttingen,Flaeche,K03159,671
2018,G�ttingen,Flaeche,K03159,534
2019,G�ttingen,Flaeche,K03159,533
1991,Statistische Region Hannover,Flaeche,0,8265
1992,Statistische Region Hannover,Flaeche,0,9135
1993,Statistische Region Hannover,Flaeche,0,8450
1994,Statistische Region Hannover,Flaeche,0,8429
1995,Statistische Region Hannover,Flaeche,0,8148
1996,Statistische Region Hannover,Flaeche,0,7974
1997,Statistische Region Hannover,Flaeche,0,6863
1998,Statistische Region Hannover,Flaeche,0,9799
1999,Statistische Region Hannover,Flaeche,0,7881
2000,Statistische Region Hannover,Flaeche,0,6344
2001,Statistische Region Hannover,Flaeche,0,6438
2002,Statistische Region Hannover,Flaeche,0,5689
2003,Statistische Region Hannover,Flaeche,0,4566
2004,Statistische Region Hannover,Flaeche,0,3971
2005,Statistische Region Hannover,Flaeche,0,4033
2006,Statistische Region Hannover,Flaeche,0,4252
2007,Statistische Region Hannover,Flaeche,0,4039
2008,Statistische Region Hannover,Flaeche,0,3135
2009,Statistische Region Hannover,Flaeche,0,1644
2010,Statistische Region Hannover,Flaeche,0,3310
2011,Statistische Region Hannover,Flaeche,0,3251
2012,Statistische Region Hannover,Flaeche,0,3832
2013,Statistische Region Hannover,Flaeche,0,3373
2014,Statistische Region Hannover,Flaeche,0,3799
2015,Statistische Region Hannover,Flaeche,0,3707
2016,Statistische Region Hannover,Flaeche,0,4650
2017,Statistische Region Hannover,Flaeche,0,4681
2018,Statistische Region Hannover,Flaeche,0,4043
2019,Statistische Region Hannover,Flaeche,0,4927
0,Hannover Region,Flaeche,K03241,0
1991,Hannover Region,Flaeche,K03241,3670
1992,Hannover Region,Flaeche,K03241,3353
1993,Hannover Region,Flaeche,K03241,3344
1994,Hannover Region,Flaeche,K03241,2743
1995,Hannover Region,Flaeche,K03241,2440
1996,Hannover Region,Flaeche,K03241,2592
1997,Hannover Region,Flaeche,K03241,2319
1998,Hannover Region,Flaeche,K03241,3783
1999,Hannover Region,Flaeche,K03241,2447
2000,Hannover Region,Flaeche,K03241,2309
2001,Hannover Region,Flaeche,K03241,2354
2002,Hannover Region,Flaeche,K03241,1984
2003,Hannover Region,Flaeche,K03241,1614
2004,Hannover Region,Flaeche,K03241,1570
2005,Hannover Region,Flaeche,K03241,1394
2006,Hannover Region,Flaeche,K03241,1919
2007,Hannover Region,Flaeche,K03241,1654
2008,Hannover Region,Flaeche,K03241,1413
2009,Hannover Region,Flaeche,K03241,851
2010,Hannover Region,Flaeche,K03241,1132
2011,Hannover Region,Flaeche,K03241,1474
2012,Hannover Region,Flaeche,K03241,1732
2013,Hannover Region,Flaeche,K03241,1454
2014,Hannover Region,Flaeche,K03241,1854
2015,Hannover Region,Flaeche,K03241,1438
2016,Hannover Region,Flaeche,K03241,2247
2017,Hannover Region,Flaeche,K03241,1694
2018,Hannover Region,Flaeche,K03241,1579
2019,Hannover Region,Flaeche,K03241,1660
0,Hannover Landeshauptstadt,Flaeche,K03241001,0
1991,Hannover Landeshauptstadt,Flaeche,K03241001,565
1992,Hannover Landeshauptstadt,Flaeche,K03241001,409
1993,Hannover Landeshauptstadt,Flaeche,K03241001,531
1994,Hannover Landeshauptstadt,Flaeche,K03241001,411
1995,Hannover Landeshauptstadt,Flaeche,K03241001,477
1996,Hannover Landeshauptstadt,Flaeche,K03241001,358
1997,Hannover Landeshauptstadt,Flaeche,K03241001,375
1998,Hannover Landeshauptstadt,Flaeche,K03241001,588
1999,Hannover Landeshauptstadt,Flaeche,K03241001,443
2000,Hannover Landeshauptstadt,Flaeche,K03241001,401
2001,Hannover Landeshauptstadt,Flaeche,K03241001,555
2002,Hannover Landeshauptstadt,Flaeche,K03241001,288
2003,Hannover Landeshauptstadt,Flaeche,K03241001,309
2004,Hannover Landeshauptstadt,Flaeche,K03241001,312
2005,Hannover Landeshauptstadt,Flaeche,K03241001,372
2006,Hannover Landeshauptstadt,Flaeche,K03241001,356
2007,Hannover Landeshauptstadt,Flaeche,K03241001,304
2008,Hannover Landeshauptstadt,Flaeche,K03241001,285
2009,Hannover Landeshauptstadt,Flaeche,K03241001,157
2010,Hannover Landeshauptstadt,Flaeche,K03241001,255
2011,Hannover Landeshauptstadt,Flaeche,K03241001,308
2012,Hannover Landeshauptstadt,Flaeche,K03241001,484
2013,Hannover Landeshauptstadt,Flaeche,K03241001,418
2014,Hannover Landeshauptstadt,Flaeche,K03241001,248
2015,Hannover Landeshauptstadt,Flaeche,K03241001,369
2016,Hannover Landeshauptstadt,Flaeche,K03241001,661
2017,Hannover Landeshauptstadt,Flaeche,K03241001,390
2018,Hannover Landeshauptstadt,Flaeche,K03241001,248
2019,Hannover Landeshauptstadt,Flaeche,K03241001,394
1991,Diepholz,Flaeche,K03251,1231
1992,Diepholz,Flaeche,K03251,1807
1993,Diepholz,Flaeche,K03251,1566
1994,Diepholz,Flaeche,K03251,1019
1995,Diepholz,Flaeche,K03251,1300
1996,Diepholz,Flaeche,K03251,1518
1997,Diepholz,Flaeche,K03251,935
1998,Diepholz,Flaeche,K03251,1233
1999,Diepholz,Flaeche,K03251,1068
2000,Diepholz,Flaeche,K03251,1070
2001,Diepholz,Flaeche,K03251,966
2002,Diepholz,Flaeche,K03251,840
2003,Diepholz,Flaeche,K03251,787
2004,Diepholz,Flaeche,K03251,607
2005,Diepholz,Flaeche,K03251,803
2006,Diepholz,Flaeche,K03251,714
2007,Diepholz,Flaeche,K03251,719
2008,Diepholz,Flaeche,K03251,599
2009,Diepholz,Flaeche,K03251,224
2010,Diepholz,Flaeche,K03251,546
2011,Diepholz,Flaeche,K03251,786
2012,Diepholz,Flaeche,K03251,721
2013,Diepholz,Flaeche,K03251,618
2014,Diepholz,Flaeche,K03251,719
2015,Diepholz,Flaeche,K03251,840
2016,Diepholz,Flaeche,K03251,754
2017,Diepholz,Flaeche,K03251,821
2018,Diepholz,Flaeche,K03251,809
2019,Diepholz,Flaeche,K03251,1183
1991,Hameln-Pyrmont,Flaeche,K03252,589
1992,Hameln-Pyrmont,Flaeche,K03252,587
1993,Hameln-Pyrmont,Flaeche,K03252,577
1994,Hameln-Pyrmont,Flaeche,K03252,656
1995,Hameln-Pyrmont,Flaeche,K03252,539
1996,Hameln-Pyrmont,Flaeche,K03252,573
1997,Hameln-Pyrmont,Flaeche,K03252,525
1998,Hameln-Pyrmont,Flaeche,K03252,795
1999,Hameln-Pyrmont,Flaeche,K03252,950
2000,Hameln-Pyrmont,Flaeche,K03252,538
2001,Hameln-Pyrmont,Flaeche,K03252,446
2002,Hameln-Pyrmont,Flaeche,K03252,485
2003,Hameln-Pyrmont,Flaeche,K03252,339
2004,Hameln-Pyrmont,Flaeche,K03252,351
2005,Hameln-Pyrmont,Flaeche,K03252,397
2006,Hameln-Pyrmont,Flaeche,K03252,428
2007,Hameln-Pyrmont,Flaeche,K03252,264
2008,Hameln-Pyrmont,Flaeche,K03252,155
2009,Hameln-Pyrmont,Flaeche,K03252,82
2010,Hameln-Pyrmont,Flaeche,K03252,134
2011,Hameln-Pyrmont,Flaeche,K03252,138
2012,Hameln-Pyrmont,Flaeche,K03252,122
2013,Hameln-Pyrmont,Flaeche,K03252,116
2014,Hameln-Pyrmont,Flaeche,K03252,178
2015,Hameln-Pyrmont,Flaeche,K03252,152
2016,Hameln-Pyrmont,Flaeche,K03252,267
2017,Hameln-Pyrmont,Flaeche,K03252,316
2018,Hameln-Pyrmont,Flaeche,K03252,405
2019,Hameln-Pyrmont,Flaeche,K03252,404
1991,Hildesheim,Flaeche,K03254,743
1992,Hildesheim,Flaeche,K03254,1157
1993,Hildesheim,Flaeche,K03254,456
1994,Hildesheim,Flaeche,K03254,1244
1995,Hildesheim,Flaeche,K03254,1648
1996,Hildesheim,Flaeche,K03254,954
1997,Hildesheim,Flaeche,K03254,1193
1998,Hildesheim,Flaeche,K03254,1680
1999,Hildesheim,Flaeche,K03254,1113
2000,Hildesheim,Flaeche,K03254,631
2001,Hildesheim,Flaeche,K03254,871
2002,Hildesheim,Flaeche,K03254,639
2003,Hildesheim,Flaeche,K03254,608
2004,Hildesheim,Flaeche,K03254,479
2005,Hildesheim,Flaeche,K03254,621
2006,Hildesheim,Flaeche,K03254,397
2007,Hildesheim,Flaeche,K03254,709
2008,Hildesheim,Flaeche,K03254,319
2009,Hildesheim,Flaeche,K03254,186
2010,Hildesheim,Flaeche,K03254,594
2011,Hildesheim,Flaeche,K03254,247
2012,Hildesheim,Flaeche,K03254,562
2013,Hildesheim,Flaeche,K03254,362
2014,Hildesheim,Flaeche,K03254,394
2015,Hildesheim,Flaeche,K03254,547
2016,Hildesheim,Flaeche,K03254,497
2017,Hildesheim,Flaeche,K03254,955
2018,Hildesheim,Flaeche,K03254,423
2019,Hildesheim,Flaeche,K03254,482
1991,Holzminden,Flaeche,K03255,268
1992,Holzminden,Flaeche,K03255,328
1993,Holzminden,Flaeche,K03255,313
1994,Holzminden,Flaeche,K03255,398
1995,Holzminden,Flaeche,K03255,393
1996,Holzminden,Flaeche,K03255,324
1997,Holzminden,Flaeche,K03255,242
1998,Holzminden,Flaeche,K03255,519
1999,Holzminden,Flaeche,K03255,388
2000,Holzminden,Flaeche,K03255,173
2001,Holzminden,Flaeche,K03255,178
2002,Holzminden,Flaeche,K03255,128
2003,Holzminden,Flaeche,K03255,142
2004,Holzminden,Flaeche,K03255,90
2005,Holzminden,Flaeche,K03255,81
2006,Holzminden,Flaeche,K03255,93
2007,Holzminden,Flaeche,K03255,60
2008,Holzminden,Flaeche,K03255,101
2009,Holzminden,Flaeche,K03255,28
2010,Holzminden,Flaeche,K03255,37
2011,Holzminden,Flaeche,K03255,60
2012,Holzminden,Flaeche,K03255,62
2013,Holzminden,Flaeche,K03255,53
2014,Holzminden,Flaeche,K03255,96
2015,Holzminden,Flaeche,K03255,139
2016,Holzminden,Flaeche,K03255,104
2017,Holzminden,Flaeche,K03255,105
2018,Holzminden,Flaeche,K03255,82
2019,Holzminden,Flaeche,K03255,127
1991,Nienburg (Weser),Flaeche,K03256,1007
1992,Nienburg (Weser),Flaeche,K03256,966
1993,Nienburg (Weser),Flaeche,K03256,1019
1994,Nienburg (Weser),Flaeche,K03256,1053
1995,Nienburg (Weser),Flaeche,K03256,808
1996,Nienburg (Weser),Flaeche,K03256,1020
1997,Nienburg (Weser),Flaeche,K03256,803
1998,Nienburg (Weser),Flaeche,K03256,936
1999,Nienburg (Weser),Flaeche,K03256,1117
2000,Nienburg (Weser),Flaeche,K03256,882
2001,Nienburg (Weser),Flaeche,K03256,691
2002,Nienburg (Weser),Flaeche,K03256,832
2003,Nienburg (Weser),Flaeche,K03256,544
2004,Nienburg (Weser),Flaeche,K03256,355
2005,Nienburg (Weser),Flaeche,K03256,349
2006,Nienburg (Weser),Flaeche,K03256,386
2007,Nienburg (Weser),Flaeche,K03256,279
2008,Nienburg (Weser),Flaeche,K03256,252
2009,Nienburg (Weser),Flaeche,K03256,144
2010,Nienburg (Weser),Flaeche,K03256,564
2011,Nienburg (Weser),Flaeche,K03256,321
2012,Nienburg (Weser),Flaeche,K03256,446
2013,Nienburg (Weser),Flaeche,K03256,427
2014,Nienburg (Weser),Flaeche,K03256,366
2015,Nienburg (Weser),Flaeche,K03256,311
2016,Nienburg (Weser),Flaeche,K03256,402
2017,Nienburg (Weser),Flaeche,K03256,361
2018,Nienburg (Weser),Flaeche,K03256,310
2019,Nienburg (Weser),Flaeche,K03256,556
1991,Schaumburg,Flaeche,K03257,756
1992,Schaumburg,Flaeche,K03257,938
1993,Schaumburg,Flaeche,K03257,1175
1994,Schaumburg,Flaeche,K03257,1317
1995,Schaumburg,Flaeche,K03257,1020
1996,Schaumburg,Flaeche,K03257,993
1997,Schaumburg,Flaeche,K03257,845
1998,Schaumburg,Flaeche,K03257,853
1999,Schaumburg,Flaeche,K03257,799
2000,Schaumburg,Flaeche,K03257,741
2001,Schaumburg,Flaeche,K03257,933
2002,Schaumburg,Flaeche,K03257,781
2003,Schaumburg,Flaeche,K03257,532
2004,Schaumburg,Flaeche,K03257,519
2005,Schaumburg,Flaeche,K03257,389
2006,Schaumburg,Flaeche,K03257,317
2007,Schaumburg,Flaeche,K03257,353
2008,Schaumburg,Flaeche,K03257,297
2009,Schaumburg,Flaeche,K03257,128
2010,Schaumburg,Flaeche,K03257,301
2011,Schaumburg,Flaeche,K03257,226
2012,Schaumburg,Flaeche,K03257,186
2013,Schaumburg,Flaeche,K03257,343
2014,Schaumburg,Flaeche,K03257,193
2015,Schaumburg,Flaeche,K03257,281
2016,Schaumburg,Flaeche,K03257,379
2017,Schaumburg,Flaeche,K03257,429
2018,Schaumburg,Flaeche,K03257,434
2019,Schaumburg,Flaeche,K03257,516
1991,Statistische Region L�neburg,Flaeche,0,9014
1992,Statistische Region L�neburg,Flaeche,0,9657
1993,Statistische Region L�neburg,Flaeche,0,12311
1994,Statistische Region L�neburg,Flaeche,0,12680
1995,Statistische Region L�neburg,Flaeche,0,10477
1996,Statistische Region L�neburg,Flaeche,0,12072
1997,Statistische Region L�neburg,Flaeche,0,9591
1998,Statistische Region L�neburg,Flaeche,0,13691
1999,Statistische Region L�neburg,Flaeche,0,11837
2000,Statistische Region L�neburg,Flaeche,0,8466
2001,Statistische Region L�neburg,Flaeche,0,7352
2002,Statistische Region L�neburg,Flaeche,0,6263
2003,Statistische Region L�neburg,Flaeche,0,6193
2004,Statistische Region L�neburg,Flaeche,0,5142
2005,Statistische Region L�neburg,Flaeche,0,5451
2006,Statistische Region L�neburg,Flaeche,0,4539
2007,Statistische Region L�neburg,Flaeche,0,4759
2008,Statistische Region L�neburg,Flaeche,0,4531
2009,Statistische Region L�neburg,Flaeche,0,2926
2010,Statistische Region L�neburg,Flaeche,0,4899
2011,Statistische Region L�neburg,Flaeche,0,4107
2012,Statistische Region L�neburg,Flaeche,0,6507
2013,Statistische Region L�neburg,Flaeche,0,6085
2014,Statistische Region L�neburg,Flaeche,0,5837
2015,Statistische Region L�neburg,Flaeche,0,5942
2016,Statistische Region L�neburg,Flaeche,0,5978
2017,Statistische Region L�neburg,Flaeche,0,6981
2018,Statistische Region L�neburg,Flaeche,0,7329
2019,Statistische Region L�neburg,Flaeche,0,6583
1991,Celle,Flaeche,K03351,632
1992,Celle,Flaeche,K03351,851
1993,Celle,Flaeche,K03351,732
1994,Celle,Flaeche,K03351,1289
1995,Celle,Flaeche,K03351,926
1996,Celle,Flaeche,K03351,1044
1997,Celle,Flaeche,K03351,984
1998,Celle,Flaeche,K03351,1621
1999,Celle,Flaeche,K03351,1232
2000,Celle,Flaeche,K03351,541
2001,Celle,Flaeche,K03351,790
2002,Celle,Flaeche,K03351,707
2003,Celle,Flaeche,K03351,559
2004,Celle,Flaeche,K03351,362
2005,Celle,Flaeche,K03351,490
2006,Celle,Flaeche,K03351,334
2007,Celle,Flaeche,K03351,322
2008,Celle,Flaeche,K03351,375
2009,Celle,Flaeche,K03351,268
2010,Celle,Flaeche,K03351,315
2011,Celle,Flaeche,K03351,238
2012,Celle,Flaeche,K03351,349
2013,Celle,Flaeche,K03351,375
2014,Celle,Flaeche,K03351,354
2015,Celle,Flaeche,K03351,377
2016,Celle,Flaeche,K03351,372
2017,Celle,Flaeche,K03351,720
2018,Celle,Flaeche,K03351,669
2019,Celle,Flaeche,K03351,420
1991,Cuxhaven,Flaeche,K03352,738
1992,Cuxhaven,Flaeche,K03352,1023
1993,Cuxhaven,Flaeche,K03352,1265
1994,Cuxhaven,Flaeche,K03352,1558
1995,Cuxhaven,Flaeche,K03352,1073
1996,Cuxhaven,Flaeche,K03352,2299
1997,Cuxhaven,Flaeche,K03352,1123
1998,Cuxhaven,Flaeche,K03352,1427
1999,Cuxhaven,Flaeche,K03352,1613
2000,Cuxhaven,Flaeche,K03352,911
2001,Cuxhaven,Flaeche,K03352,738
2002,Cuxhaven,Flaeche,K03352,646
2003,Cuxhaven,Flaeche,K03352,901
2004,Cuxhaven,Flaeche,K03352,712
2005,Cuxhaven,Flaeche,K03352,310
2006,Cuxhaven,Flaeche,K03352,424
2007,Cuxhaven,Flaeche,K03352,306
2008,Cuxhaven,Flaeche,K03352,406
2009,Cuxhaven,Flaeche,K03352,493
2010,Cuxhaven,Flaeche,K03352,283
2011,Cuxhaven,Flaeche,K03352,450
2012,Cuxhaven,Flaeche,K03352,1146
2013,Cuxhaven,Flaeche,K03352,611
2014,Cuxhaven,Flaeche,K03352,478
2015,Cuxhaven,Flaeche,K03352,795
2016,Cuxhaven,Flaeche,K03352,671
2017,Cuxhaven,Flaeche,K03352,878
2018,Cuxhaven,Flaeche,K03352,763
2019,Cuxhaven,Flaeche,K03352,832
1991,Harburg,Flaeche,K03353,1670
1992,Harburg,Flaeche,K03353,2216
1993,Harburg,Flaeche,K03353,2196
1994,Harburg,Flaeche,K03353,1624
1995,Harburg,Flaeche,K03353,1614
1996,Harburg,Flaeche,K03353,1586
1997,Harburg,Flaeche,K03353,1185
1998,Harburg,Flaeche,K03353,2306
1999,Harburg,Flaeche,K03353,1288
2000,Harburg,Flaeche,K03353,832
2001,Harburg,Flaeche,K03353,845
2002,Harburg,Flaeche,K03353,736
2003,Harburg,Flaeche,K03353,685
2004,Harburg,Flaeche,K03353,688
2005,Harburg,Flaeche,K03353,982
2006,Harburg,Flaeche,K03353,977
2007,Harburg,Flaeche,K03353,1748
2008,Harburg,Flaeche,K03353,905
2009,Harburg,Flaeche,K03353,537
2010,Harburg,Flaeche,K03353,1144
2011,Harburg,Flaeche,K03353,957
2012,Harburg,Flaeche,K03353,1283
2013,Harburg,Flaeche,K03353,1524
2014,Harburg,Flaeche,K03353,1153
2015,Harburg,Flaeche,K03353,1012
2016,Harburg,Flaeche,K03353,858
2017,Harburg,Flaeche,K03353,1069
2018,Harburg,Flaeche,K03353,917
2019,Harburg,Flaeche,K03353,944
1991,L�chow-Dannenberg,Flaeche,K03354,729
1992,L�chow-Dannenberg,Flaeche,K03354,397
1993,L�chow-Dannenberg,Flaeche,K03354,638
1994,L�chow-Dannenberg,Flaeche,K03354,417
1995,L�chow-Dannenberg,Flaeche,K03354,390
1996,L�chow-Dannenberg,Flaeche,K03354,412
1997,L�chow-Dannenberg,Flaeche,K03354,376
1998,L�chow-Dannenberg,Flaeche,K03354,388
1999,L�chow-Dannenberg,Flaeche,K03354,375
2000,L�chow-Dannenberg,Flaeche,K03354,341
2001,L�chow-Dannenberg,Flaeche,K03354,249
2002,L�chow-Dannenberg,Flaeche,K03354,213
2003,L�chow-Dannenberg,Flaeche,K03354,127
2004,L�chow-Dannenberg,Flaeche,K03354,98
2005,L�chow-Dannenberg,Flaeche,K03354,60
2006,L�chow-Dannenberg,Flaeche,K03354,77
2007,L�chow-Dannenberg,Flaeche,K03354,150
2008,L�chow-Dannenberg,Flaeche,K03354,72
2009,L�chow-Dannenberg,Flaeche,K03354,25
2010,L�chow-Dannenberg,Flaeche,K03354,117
2011,L�chow-Dannenberg,Flaeche,K03354,86
2012,L�chow-Dannenberg,Flaeche,K03354,103
2013,L�chow-Dannenberg,Flaeche,K03354,159
2014,L�chow-Dannenberg,Flaeche,K03354,98
2015,L�chow-Dannenberg,Flaeche,K03354,89
2016,L�chow-Dannenberg,Flaeche,K03354,173
2017,L�chow-Dannenberg,Flaeche,K03354,134
2018,L�chow-Dannenberg,Flaeche,K03354,232
2019,L�chow-Dannenberg,Flaeche,K03354,278
1991,L�neburg,Flaeche,K03355,884
1992,L�neburg,Flaeche,K03355,282
1993,L�neburg,Flaeche,K03355,997
1994,L�neburg,Flaeche,K03355,1222
1995,L�neburg,Flaeche,K03355,818
1996,L�neburg,Flaeche,K03355,1069
1997,L�neburg,Flaeche,K03355,1001
1998,L�neburg,Flaeche,K03355,1135
1999,L�neburg,Flaeche,K03355,761
2000,L�neburg,Flaeche,K03355,628
2001,L�neburg,Flaeche,K03355,586
2002,L�neburg,Flaeche,K03355,590
2003,L�neburg,Flaeche,K03355,464
2004,L�neburg,Flaeche,K03355,606
2005,L�neburg,Flaeche,K03355,523
2006,L�neburg,Flaeche,K03355,601
2007,L�neburg,Flaeche,K03355,358
2008,L�neburg,Flaeche,K03355,398
2009,L�neburg,Flaeche,K03355,249
2010,L�neburg,Flaeche,K03355,561
2011,L�neburg,Flaeche,K03355,422
2012,L�neburg,Flaeche,K03355,660
2013,L�neburg,Flaeche,K03355,585
2014,L�neburg,Flaeche,K03355,532
2015,L�neburg,Flaeche,K03355,442
2016,L�neburg,Flaeche,K03355,648
2017,L�neburg,Flaeche,K03355,497
2018,L�neburg,Flaeche,K03355,446
2019,L�neburg,Flaeche,K03355,394
1991,Osterholz,Flaeche,K03356,597
1992,Osterholz,Flaeche,K03356,575
1993,Osterholz,Flaeche,K03356,636
1994,Osterholz,Flaeche,K03356,576
1995,Osterholz,Flaeche,K03356,440
1996,Osterholz,Flaeche,K03356,428
1997,Osterholz,Flaeche,K03356,630
1998,Osterholz,Flaeche,K03356,1057
1999,Osterholz,Flaeche,K03356,928
2000,Osterholz,Flaeche,K03356,466
2001,Osterholz,Flaeche,K03356,349
2002,Osterholz,Flaeche,K03356,359
2003,Osterholz,Flaeche,K03356,403
2004,Osterholz,Flaeche,K03356,451
2005,Osterholz,Flaeche,K03356,406
2006,Osterholz,Flaeche,K03356,347
2007,Osterholz,Flaeche,K03356,265
2008,Osterholz,Flaeche,K03356,232
2009,Osterholz,Flaeche,K03356,224
2010,Osterholz,Flaeche,K03356,236
2011,Osterholz,Flaeche,K03356,262
2012,Osterholz,Flaeche,K03356,300
2013,Osterholz,Flaeche,K03356,256
2014,Osterholz,Flaeche,K03356,411
2015,Osterholz,Flaeche,K03356,290
2016,Osterholz,Flaeche,K03356,350
2017,Osterholz,Flaeche,K03356,470
2018,Osterholz,Flaeche,K03356,402
2019,Osterholz,Flaeche,K03356,319
1991,Rotenburg (W�mme),Flaeche,K03357,878
1992,Rotenburg (W�mme),Flaeche,K03357,1270
1993,Rotenburg (W�mme),Flaeche,K03357,2011
1994,Rotenburg (W�mme),Flaeche,K03357,2066
1995,Rotenburg (W�mme),Flaeche,K03357,1601
1996,Rotenburg (W�mme),Flaeche,K03357,1345
1997,Rotenburg (W�mme),Flaeche,K03357,1375
1998,Rotenburg (W�mme),Flaeche,K03357,1656
1999,Rotenburg (W�mme),Flaeche,K03357,1689
2000,Rotenburg (W�mme),Flaeche,K03357,1553
2001,Rotenburg (W�mme),Flaeche,K03357,855
2002,Rotenburg (W�mme),Flaeche,K03357,845
2003,Rotenburg (W�mme),Flaeche,K03357,848
2004,Rotenburg (W�mme),Flaeche,K03357,380
2005,Rotenburg (W�mme),Flaeche,K03357,574
2006,Rotenburg (W�mme),Flaeche,K03357,346
2007,Rotenburg (W�mme),Flaeche,K03357,316
2008,Rotenburg (W�mme),Flaeche,K03357,324
2009,Rotenburg (W�mme),Flaeche,K03357,161
2010,Rotenburg (W�mme),Flaeche,K03357,445
2011,Rotenburg (W�mme),Flaeche,K03357,513
2012,Rotenburg (W�mme),Flaeche,K03357,692
2013,Rotenburg (W�mme),Flaeche,K03357,561
2014,Rotenburg (W�mme),Flaeche,K03357,537
2015,Rotenburg (W�mme),Flaeche,K03357,648
2016,Rotenburg (W�mme),Flaeche,K03357,743
2017,Rotenburg (W�mme),Flaeche,K03357,993
2018,Rotenburg (W�mme),Flaeche,K03357,1093
2019,Rotenburg (W�mme),Flaeche,K03357,608
1991,Heidekreis,Flaeche,K03358,842
1992,Heidekreis,Flaeche,K03358,805
1993,Heidekreis,Flaeche,K03358,1344
1994,Heidekreis,Flaeche,K03358,1110
1995,Heidekreis,Flaeche,K03358,984
1996,Heidekreis,Flaeche,K03358,833
1997,Heidekreis,Flaeche,K03358,861
1998,Heidekreis,Flaeche,K03358,1036
1999,Heidekreis,Flaeche,K03358,972
2000,Heidekreis,Flaeche,K03358,971
2001,Heidekreis,Flaeche,K03358,851
2002,Heidekreis,Flaeche,K03358,556
2003,Heidekreis,Flaeche,K03358,690
2004,Heidekreis,Flaeche,K03358,505
2005,Heidekreis,Flaeche,K03358,544
2006,Heidekreis,Flaeche,K03358,503
2007,Heidekreis,Flaeche,K03358,323
2008,Heidekreis,Flaeche,K03358,693
2009,Heidekreis,Flaeche,K03358,266
2010,Heidekreis,Flaeche,K03358,234
2011,Heidekreis,Flaeche,K03358,216
2012,Heidekreis,Flaeche,K03358,381
2013,Heidekreis,Flaeche,K03358,388
2014,Heidekreis,Flaeche,K03358,880
2015,Heidekreis,Flaeche,K03358,654
2016,Heidekreis,Flaeche,K03358,639
2017,Heidekreis,Flaeche,K03358,656
2018,Heidekreis,Flaeche,K03358,870
2019,Heidekreis,Flaeche,K03358,1075
1991,Stade,Flaeche,K03359,980
1992,Stade,Flaeche,K03359,1105
1993,Stade,Flaeche,K03359,1306
1994,Stade,Flaeche,K03359,1475
1995,Stade,Flaeche,K03359,1218
1996,Stade,Flaeche,K03359,1783
1997,Stade,Flaeche,K03359,1157
1998,Stade,Flaeche,K03359,1801
1999,Stade,Flaeche,K03359,1636
2000,Stade,Flaeche,K03359,1192
2001,Stade,Flaeche,K03359,1099
2002,Stade,Flaeche,K03359,841
2003,Stade,Flaeche,K03359,611
2004,Stade,Flaeche,K03359,714
2005,Stade,Flaeche,K03359,869
2006,Stade,Flaeche,K03359,529
2007,Stade,Flaeche,K03359,448
2008,Stade,Flaeche,K03359,693
2009,Stade,Flaeche,K03359,446
2010,Stade,Flaeche,K03359,981
2011,Stade,Flaeche,K03359,542
2012,Stade,Flaeche,K03359,624
2013,Stade,Flaeche,K03359,737
2014,Stade,Flaeche,K03359,672
2015,Stade,Flaeche,K03359,773
2016,Stade,Flaeche,K03359,679
2017,Stade,Flaeche,K03359,802
2018,Stade,Flaeche,K03359,955
2019,Stade,Flaeche,K03359,711
1991,Uelzen,Flaeche,K03360,362
1992,Uelzen,Flaeche,K03360,330
1993,Uelzen,Flaeche,K03360,442
1994,Uelzen,Flaeche,K03360,776
1995,Uelzen,Flaeche,K03360,784
1996,Uelzen,Flaeche,K03360,628
1997,Uelzen,Flaeche,K03360,470
1998,Uelzen,Flaeche,K03360,639
1999,Uelzen,Flaeche,K03360,694
2000,Uelzen,Flaeche,K03360,438
2001,Uelzen,Flaeche,K03360,457
2002,Uelzen,Flaeche,K03360,304
2003,Uelzen,Flaeche,K03360,402
2004,Uelzen,Flaeche,K03360,192
2005,Uelzen,Flaeche,K03360,210
2006,Uelzen,Flaeche,K03360,101
2007,Uelzen,Flaeche,K03360,227
2008,Uelzen,Flaeche,K03360,146
2009,Uelzen,Flaeche,K03360,65
2010,Uelzen,Flaeche,K03360,265
2011,Uelzen,Flaeche,K03360,114
2012,Uelzen,Flaeche,K03360,185
2013,Uelzen,Flaeche,K03360,242
2014,Uelzen,Flaeche,K03360,290
2015,Uelzen,Flaeche,K03360,142
2016,Uelzen,Flaeche,K03360,237
2017,Uelzen,Flaeche,K03360,284
2018,Uelzen,Flaeche,K03360,282
2019,Uelzen,Flaeche,K03360,295
1991,Verden,Flaeche,K03361,703
1992,Verden,Flaeche,K03361,802
1993,Verden,Flaeche,K03361,744
1994,Verden,Flaeche,K03361,568
1995,Verden,Flaeche,K03361,630
1996,Verden,Flaeche,K03361,647
1997,Verden,Flaeche,K03361,430
1998,Verden,Flaeche,K03361,626
1999,Verden,Flaeche,K03361,649
2000,Verden,Flaeche,K03361,592
2001,Verden,Flaeche,K03361,533
2002,Verden,Flaeche,K03361,466
2003,Verden,Flaeche,K03361,502
2004,Verden,Flaeche,K03361,433
2005,Verden,Flaeche,K03361,483
2006,Verden,Flaeche,K03361,300
2007,Verden,Flaeche,K03361,297
2008,Verden,Flaeche,K03361,287
2009,Verden,Flaeche,K03361,191
2010,Verden,Flaeche,K03361,318
2011,Verden,Flaeche,K03361,307
2012,Verden,Flaeche,K03361,784
2013,Verden,Flaeche,K03361,646
2014,Verden,Flaeche,K03361,433
2015,Verden,Flaeche,K03361,721
2016,Verden,Flaeche,K03361,607
2017,Verden,Flaeche,K03361,478
2018,Verden,Flaeche,K03361,701
2019,Verden,Flaeche,K03361,707
1991,Statistische Region Weser Ems,Flaeche,0,13778
1992,Statistische Region Weser Ems,Flaeche,0,13094
1993,Statistische Region Weser Ems,Flaeche,0,16606
1994,Statistische Region Weser Ems,Flaeche,0,17125
1995,Statistische Region Weser Ems,Flaeche,0,14008
1996,Statistische Region Weser Ems,Flaeche,0,14475
1997,Statistische Region Weser Ems,Flaeche,0,13621
1998,Statistische Region Weser Ems,Flaeche,0,19191
1999,Statistische Region Weser Ems,Flaeche,0,18193
2000,Statistische Region Weser Ems,Flaeche,0,12956
2001,Statistische Region Weser Ems,Flaeche,0,12157
2002,Statistische Region Weser Ems,Flaeche,0,12104
2003,Statistische Region Weser Ems,Flaeche,0,9429
2004,Statistische Region Weser Ems,Flaeche,0,8787
2005,Statistische Region Weser Ems,Flaeche,0,8612
2006,Statistische Region Weser Ems,Flaeche,0,8397
2007,Statistische Region Weser Ems,Flaeche,0,10519
2008,Statistische Region Weser Ems,Flaeche,0,9615
2009,Statistische Region Weser Ems,Flaeche,0,9699
2010,Statistische Region Weser Ems,Flaeche,0,7438
2011,Statistische Region Weser Ems,Flaeche,0,7379
2012,Statistische Region Weser Ems,Flaeche,0,8927
2013,Statistische Region Weser Ems,Flaeche,0,9801
2014,Statistische Region Weser Ems,Flaeche,0,8271
2015,Statistische Region Weser Ems,Flaeche,0,9423
2016,Statistische Region Weser Ems,Flaeche,0,10711
2017,Statistische Region Weser Ems,Flaeche,0,8677
2018,Statistische Region Weser Ems,Flaeche,0,9509
2019,Statistische Region Weser Ems,Flaeche,0,8996
1991,Delmenhorst-Stadt,Flaeche,K03401,182
1992,Delmenhorst-Stadt,Flaeche,K03401,340
1993,Delmenhorst-Stadt,Flaeche,K03401,185
1994,Delmenhorst-Stadt,Flaeche,K03401,216
1995,Delmenhorst-Stadt,Flaeche,K03401,115
1996,Delmenhorst-Stadt,Flaeche,K03401,284
1997,Delmenhorst-Stadt,Flaeche,K03401,149
1998,Delmenhorst-Stadt,Flaeche,K03401,160
1999,Delmenhorst-Stadt,Flaeche,K03401,162
2000,Delmenhorst-Stadt,Flaeche,K03401,204
2001,Delmenhorst-Stadt,Flaeche,K03401,208
2002,Delmenhorst-Stadt,Flaeche,K03401,193
2003,Delmenhorst-Stadt,Flaeche,K03401,158
2004,Delmenhorst-Stadt,Flaeche,K03401,142
2005,Delmenhorst-Stadt,Flaeche,K03401,172
2006,Delmenhorst-Stadt,Flaeche,K03401,120
2007,Delmenhorst-Stadt,Flaeche,K03401,56
2008,Delmenhorst-Stadt,Flaeche,K03401,72
2009,Delmenhorst-Stadt,Flaeche,K03401,67
2010,Delmenhorst-Stadt,Flaeche,K03401,75
2011,Delmenhorst-Stadt,Flaeche,K03401,103
2012,Delmenhorst-Stadt,Flaeche,K03401,81
2013,Delmenhorst-Stadt,Flaeche,K03401,77
2014,Delmenhorst-Stadt,Flaeche,K03401,76
2015,Delmenhorst-Stadt,Flaeche,K03401,106
2016,Delmenhorst-Stadt,Flaeche,K03401,131
2017,Delmenhorst-Stadt,Flaeche,K03401,93
2018,Delmenhorst-Stadt,Flaeche,K03401,102
2019,Delmenhorst-Stadt,Flaeche,K03401,121
1991,Emden Stadt,Flaeche,K03402,107
1992,Emden Stadt,Flaeche,K03402,71
1993,Emden Stadt,Flaeche,K03402,340
1994,Emden Stadt,Flaeche,K03402,171
1995,Emden Stadt,Flaeche,K03402,177
1996,Emden Stadt,Flaeche,K03402,159
1997,Emden Stadt,Flaeche,K03402,253
1998,Emden Stadt,Flaeche,K03402,718
1999,Emden Stadt,Flaeche,K03402,296
2000,Emden Stadt,Flaeche,K03402,156
2001,Emden Stadt,Flaeche,K03402,91
2002,Emden Stadt,Flaeche,K03402,92
2003,Emden Stadt,Flaeche,K03402,62
2004,Emden Stadt,Flaeche,K03402,304
2005,Emden Stadt,Flaeche,K03402,75
2006,Emden Stadt,Flaeche,K03402,44
2007,Emden Stadt,Flaeche,K03402,109
2008,Emden Stadt,Flaeche,K03402,67
2009,Emden Stadt,Flaeche,K03402,36
2010,Emden Stadt,Flaeche,K03402,53
2011,Emden Stadt,Flaeche,K03402,94
2012,Emden Stadt,Flaeche,K03402,73
2013,Emden Stadt,Flaeche,K03402,148
2014,Emden Stadt,Flaeche,K03402,39
2015,Emden Stadt,Flaeche,K03402,176
2016,Emden Stadt,Flaeche,K03402,106
2017,Emden Stadt,Flaeche,K03402,115
2018,Emden Stadt,Flaeche,K03402,161
2019,Emden Stadt,Flaeche,K03402,88
1991,Oldenburg (Oldb) Stadt,Flaeche,K03403,641
1992,Oldenburg (Oldb) Stadt,Flaeche,K03403,562
1993,Oldenburg (Oldb) Stadt,Flaeche,K03403,732
1994,Oldenburg (Oldb) Stadt,Flaeche,K03403,484
1995,Oldenburg (Oldb) Stadt,Flaeche,K03403,869
1996,Oldenburg (Oldb) Stadt,Flaeche,K03403,579
1997,Oldenburg (Oldb) Stadt,Flaeche,K03403,553
1998,Oldenburg (Oldb) Stadt,Flaeche,K03403,790
1999,Oldenburg (Oldb) Stadt,Flaeche,K03403,508
2000,Oldenburg (Oldb) Stadt,Flaeche,K03403,459
2001,Oldenburg (Oldb) Stadt,Flaeche,K03403,447
2002,Oldenburg (Oldb) Stadt,Flaeche,K03403,279
2003,Oldenburg (Oldb) Stadt,Flaeche,K03403,261
2004,Oldenburg (Oldb) Stadt,Flaeche,K03403,296
2005,Oldenburg (Oldb) Stadt,Flaeche,K03403,233
2006,Oldenburg (Oldb) Stadt,Flaeche,K03403,274
2007,Oldenburg (Oldb) Stadt,Flaeche,K03403,361
2008,Oldenburg (Oldb) Stadt,Flaeche,K03403,236
2009,Oldenburg (Oldb) Stadt,Flaeche,K03403,194
2010,Oldenburg (Oldb) Stadt,Flaeche,K03403,311
2011,Oldenburg (Oldb) Stadt,Flaeche,K03403,205
2012,Oldenburg (Oldb) Stadt,Flaeche,K03403,384
2013,Oldenburg (Oldb) Stadt,Flaeche,K03403,363
2014,Oldenburg (Oldb) Stadt,Flaeche,K03403,272
2015,Oldenburg (Oldb) Stadt,Flaeche,K03403,370
2016,Oldenburg (Oldb) Stadt,Flaeche,K03403,436
2017,Oldenburg (Oldb) Stadt,Flaeche,K03403,301
2018,Oldenburg (Oldb) Stadt,Flaeche,K03403,270
2019,Oldenburg (Oldb) Stadt,Flaeche,K03403,315
1991,Osnabr�ck Stadt,Flaeche,K03404,439
1992,Osnabr�ck Stadt,Flaeche,K03404,440
1993,Osnabr�ck Stadt,Flaeche,K03404,212
1994,Osnabr�ck Stadt,Flaeche,K03404,262
1995,Osnabr�ck Stadt,Flaeche,K03404,119
1996,Osnabr�ck Stadt,Flaeche,K03404,207
1997,Osnabr�ck Stadt,Flaeche,K03404,118
1998,Osnabr�ck Stadt,Flaeche,K03404,245
1999,Osnabr�ck Stadt,Flaeche,K03404,296
2000,Osnabr�ck Stadt,Flaeche,K03404,183
2001,Osnabr�ck Stadt,Flaeche,K03404,174
2002,Osnabr�ck Stadt,Flaeche,K03404,101
2003,Osnabr�ck Stadt,Flaeche,K03404,62
2004,Osnabr�ck Stadt,Flaeche,K03404,118
2005,Osnabr�ck Stadt,Flaeche,K03404,64
2006,Osnabr�ck Stadt,Flaeche,K03404,100
2007,Osnabr�ck Stadt,Flaeche,K03404,230
2008,Osnabr�ck Stadt,Flaeche,K03404,144
2009,Osnabr�ck Stadt,Flaeche,K03404,25
2010,Osnabr�ck Stadt,Flaeche,K03404,63
2011,Osnabr�ck Stadt,Flaeche,K03404,316
2012,Osnabr�ck Stadt,Flaeche,K03404,183
2013,Osnabr�ck Stadt,Flaeche,K03404,201
2014,Osnabr�ck Stadt,Flaeche,K03404,125
2015,Osnabr�ck Stadt,Flaeche,K03404,114
2016,Osnabr�ck Stadt,Flaeche,K03404,97
2017,Osnabr�ck Stadt,Flaeche,K03404,101
2018,Osnabr�ck Stadt,Flaeche,K03404,204
2019,Osnabr�ck Stadt,Flaeche,K03404,81
1991,Wilhelmshaven Stadt,Flaeche,K03405,153
1992,Wilhelmshaven Stadt,Flaeche,K03405,110
1993,Wilhelmshaven Stadt,Flaeche,K03405,194
1994,Wilhelmshaven Stadt,Flaeche,K03405,227
1995,Wilhelmshaven Stadt,Flaeche,K03405,147
1996,Wilhelmshaven Stadt,Flaeche,K03405,200
1997,Wilhelmshaven Stadt,Flaeche,K03405,195
1998,Wilhelmshaven Stadt,Flaeche,K03405,371
1999,Wilhelmshaven Stadt,Flaeche,K03405,312
2000,Wilhelmshaven Stadt,Flaeche,K03405,179
2001,Wilhelmshaven Stadt,Flaeche,K03405,145
2002,Wilhelmshaven Stadt,Flaeche,K03405,1130
2003,Wilhelmshaven Stadt,Flaeche,K03405,114
2004,Wilhelmshaven Stadt,Flaeche,K03405,232
2005,Wilhelmshaven Stadt,Flaeche,K03405,116
2006,Wilhelmshaven Stadt,Flaeche,K03405,83
2007,Wilhelmshaven Stadt,Flaeche,K03405,204
2008,Wilhelmshaven Stadt,Flaeche,K03405,149
2009,Wilhelmshaven Stadt,Flaeche,K03405,4512
2010,Wilhelmshaven Stadt,Flaeche,K03405,98
2011,Wilhelmshaven Stadt,Flaeche,K03405,37
2012,Wilhelmshaven Stadt,Flaeche,K03405,45
2013,Wilhelmshaven Stadt,Flaeche,K03405,83
2014,Wilhelmshaven Stadt,Flaeche,K03405,76
2015,Wilhelmshaven Stadt,Flaeche,K03405,150
2016,Wilhelmshaven Stadt,Flaeche,K03405,941
2017,Wilhelmshaven Stadt,Flaeche,K03405,83
2018,Wilhelmshaven Stadt,Flaeche,K03405,56
2019,Wilhelmshaven Stadt,Flaeche,K03405,57
1991,Ammerland,Flaeche,K03451,875
1992,Ammerland,Flaeche,K03451,556
1993,Ammerland,Flaeche,K03451,992
1994,Ammerland,Flaeche,K03451,720
1995,Ammerland,Flaeche,K03451,1273
1996,Ammerland,Flaeche,K03451,1362
1997,Ammerland,Flaeche,K03451,907
1998,Ammerland,Flaeche,K03451,1907
1999,Ammerland,Flaeche,K03451,1398
2000,Ammerland,Flaeche,K03451,889
2001,Ammerland,Flaeche,K03451,681
2002,Ammerland,Flaeche,K03451,661
2003,Ammerland,Flaeche,K03451,590
2004,Ammerland,Flaeche,K03451,775
2005,Ammerland,Flaeche,K03451,749
2006,Ammerland,Flaeche,K03451,704
2007,Ammerland,Flaeche,K03451,673
2008,Ammerland,Flaeche,K03451,455
2009,Ammerland,Flaeche,K03451,325
2010,Ammerland,Flaeche,K03451,738
2011,Ammerland,Flaeche,K03451,587
2012,Ammerland,Flaeche,K03451,856
2013,Ammerland,Flaeche,K03451,1144
2014,Ammerland,Flaeche,K03451,816
2015,Ammerland,Flaeche,K03451,470
2016,Ammerland,Flaeche,K03451,678
2017,Ammerland,Flaeche,K03451,573
2018,Ammerland,Flaeche,K03451,897
2019,Ammerland,Flaeche,K03451,507
1991,Aurich,Flaeche,K03452,1259
1992,Aurich,Flaeche,K03452,1156
1993,Aurich,Flaeche,K03452,1898
1994,Aurich,Flaeche,K03452,1598
1995,Aurich,Flaeche,K03452,1379
1996,Aurich,Flaeche,K03452,1438
1997,Aurich,Flaeche,K03452,1256
1998,Aurich,Flaeche,K03452,1600
1999,Aurich,Flaeche,K03452,1596
2000,Aurich,Flaeche,K03452,1028
2001,Aurich,Flaeche,K03452,757
2002,Aurich,Flaeche,K03452,807
2003,Aurich,Flaeche,K03452,949
2004,Aurich,Flaeche,K03452,785
2005,Aurich,Flaeche,K03452,768
2006,Aurich,Flaeche,K03452,725
2007,Aurich,Flaeche,K03452,829
2008,Aurich,Flaeche,K03452,852
2009,Aurich,Flaeche,K03452,686
2010,Aurich,Flaeche,K03452,952
2011,Aurich,Flaeche,K03452,683
2012,Aurich,Flaeche,K03452,710
2013,Aurich,Flaeche,K03452,678
2014,Aurich,Flaeche,K03452,667
2015,Aurich,Flaeche,K03452,794
2016,Aurich,Flaeche,K03452,549
2017,Aurich,Flaeche,K03452,724
2018,Aurich,Flaeche,K03452,942
2019,Aurich,Flaeche,K03452,1082
1991,Cloppenburg,Flaeche,K03453,1008
1992,Cloppenburg,Flaeche,K03453,575
1993,Cloppenburg,Flaeche,K03453,1243
1994,Cloppenburg,Flaeche,K03453,1108
1995,Cloppenburg,Flaeche,K03453,1049
1996,Cloppenburg,Flaeche,K03453,1092
1997,Cloppenburg,Flaeche,K03453,1241
1998,Cloppenburg,Flaeche,K03453,2014
1999,Cloppenburg,Flaeche,K03453,2255
2000,Cloppenburg,Flaeche,K03453,1757
2001,Cloppenburg,Flaeche,K03453,1170
2002,Cloppenburg,Flaeche,K03453,1077
2003,Cloppenburg,Flaeche,K03453,1138
2004,Cloppenburg,Flaeche,K03453,912
2005,Cloppenburg,Flaeche,K03453,1098
2006,Cloppenburg,Flaeche,K03453,1074
2007,Cloppenburg,Flaeche,K03453,792
2008,Cloppenburg,Flaeche,K03453,597
2009,Cloppenburg,Flaeche,K03453,555
2010,Cloppenburg,Flaeche,K03453,978
2011,Cloppenburg,Flaeche,K03453,698
2012,Cloppenburg,Flaeche,K03453,938
2013,Cloppenburg,Flaeche,K03453,946
2014,Cloppenburg,Flaeche,K03453,1155
2015,Cloppenburg,Flaeche,K03453,1190
2016,Cloppenburg,Flaeche,K03453,1108
2017,Cloppenburg,Flaeche,K03453,924
2018,Cloppenburg,Flaeche,K03453,817
2019,Cloppenburg,Flaeche,K03453,730
1991,Emsland,Flaeche,K03454,2208
1992,Emsland,Flaeche,K03454,1697
1993,Emsland,Flaeche,K03454,1946
1994,Emsland,Flaeche,K03454,1886
1995,Emsland,Flaeche,K03454,1668
1996,Emsland,Flaeche,K03454,2474
1997,Emsland,Flaeche,K03454,1805
1998,Emsland,Flaeche,K03454,2345
1999,Emsland,Flaeche,K03454,2061
2000,Emsland,Flaeche,K03454,2101
2001,Emsland,Flaeche,K03454,2517
2002,Emsland,Flaeche,K03454,1991
2003,Emsland,Flaeche,K03454,1525
2004,Emsland,Flaeche,K03454,1470
2005,Emsland,Flaeche,K03454,1411
2006,Emsland,Flaeche,K03454,1304
2007,Emsland,Flaeche,K03454,2676
2008,Emsland,Flaeche,K03454,1537
2009,Emsland,Flaeche,K03454,556
2010,Emsland,Flaeche,K03454,834
2011,Emsland,Flaeche,K03454,850
2012,Emsland,Flaeche,K03454,1041
2013,Emsland,Flaeche,K03454,1146
2014,Emsland,Flaeche,K03454,1186
2015,Emsland,Flaeche,K03454,1252
2016,Emsland,Flaeche,K03454,1550
2017,Emsland,Flaeche,K03454,1204
2018,Emsland,Flaeche,K03454,1283
2019,Emsland,Flaeche,K03454,1538
1991,Friesland,Flaeche,K03455,385
1992,Friesland,Flaeche,K03455,412
1993,Friesland,Flaeche,K03455,867
1994,Friesland,Flaeche,K03455,563
1995,Friesland,Flaeche,K03455,339
1996,Friesland,Flaeche,K03455,547
1997,Friesland,Flaeche,K03455,701
1998,Friesland,Flaeche,K03455,813
1999,Friesland,Flaeche,K03455,614
2000,Friesland,Flaeche,K03455,530
2001,Friesland,Flaeche,K03455,510
2002,Friesland,Flaeche,K03455,393
2003,Friesland,Flaeche,K03455,354
2004,Friesland,Flaeche,K03455,309
2005,Friesland,Flaeche,K03455,317
2006,Friesland,Flaeche,K03455,489
2007,Friesland,Flaeche,K03455,297
2008,Friesland,Flaeche,K03455,205
2009,Friesland,Flaeche,K03455,193
2010,Friesland,Flaeche,K03455,234
2011,Friesland,Flaeche,K03455,186
2012,Friesland,Flaeche,K03455,215
2013,Friesland,Flaeche,K03455,263
2014,Friesland,Flaeche,K03455,222
2015,Friesland,Flaeche,K03455,440
2016,Friesland,Flaeche,K03455,384
2017,Friesland,Flaeche,K03455,315
2018,Friesland,Flaeche,K03455,420
2019,Friesland,Flaeche,K03455,337
1991,Grafschaft Bentheim,Flaeche,K03456,563
1992,Grafschaft Bentheim,Flaeche,K03456,860
1993,Grafschaft Bentheim,Flaeche,K03456,993
1994,Grafschaft Bentheim,Flaeche,K03456,714
1995,Grafschaft Bentheim,Flaeche,K03456,693
1996,Grafschaft Bentheim,Flaeche,K03456,754
1997,Grafschaft Bentheim,Flaeche,K03456,643
1998,Grafschaft Bentheim,Flaeche,K03456,894
1999,Grafschaft Bentheim,Flaeche,K03456,743
2000,Grafschaft Bentheim,Flaeche,K03456,830
2001,Grafschaft Bentheim,Flaeche,K03456,963
2002,Grafschaft Bentheim,Flaeche,K03456,817
2003,Grafschaft Bentheim,Flaeche,K03456,834
2004,Grafschaft Bentheim,Flaeche,K03456,865
2005,Grafschaft Bentheim,Flaeche,K03456,726
2006,Grafschaft Bentheim,Flaeche,K03456,606
2007,Grafschaft Bentheim,Flaeche,K03456,1066
2008,Grafschaft Bentheim,Flaeche,K03456,2306
2009,Grafschaft Bentheim,Flaeche,K03456,438
2010,Grafschaft Bentheim,Flaeche,K03456,563
2011,Grafschaft Bentheim,Flaeche,K03456,420
2012,Grafschaft Bentheim,Flaeche,K03456,613
2013,Grafschaft Bentheim,Flaeche,K03456,480
2014,Grafschaft Bentheim,Flaeche,K03456,576
2015,Grafschaft Bentheim,Flaeche,K03456,573
2016,Grafschaft Bentheim,Flaeche,K03456,720
2017,Grafschaft Bentheim,Flaeche,K03456,630
2018,Grafschaft Bentheim,Flaeche,K03456,568
2019,Grafschaft Bentheim,Flaeche,K03456,648
1991,Leer,Flaeche,K03457,1063
1992,Leer,Flaeche,K03457,1363
1993,Leer,Flaeche,K03457,1486
1994,Leer,Flaeche,K03457,3069
1995,Leer,Flaeche,K03457,1151
1996,Leer,Flaeche,K03457,1461
1997,Leer,Flaeche,K03457,1576
1998,Leer,Flaeche,K03457,1491
1999,Leer,Flaeche,K03457,2519
2000,Leer,Flaeche,K03457,1199
2001,Leer,Flaeche,K03457,997
2002,Leer,Flaeche,K03457,876
2003,Leer,Flaeche,K03457,609
2004,Leer,Flaeche,K03457,570
2005,Leer,Flaeche,K03457,513
2006,Leer,Flaeche,K03457,483
2007,Leer,Flaeche,K03457,617
2008,Leer,Flaeche,K03457,573
2009,Leer,Flaeche,K03457,492
2010,Leer,Flaeche,K03457,512
2011,Leer,Flaeche,K03457,661
2012,Leer,Flaeche,K03457,739
2013,Leer,Flaeche,K03457,594
2014,Leer,Flaeche,K03457,946
2015,Leer,Flaeche,K03457,654
2016,Leer,Flaeche,K03457,747
2017,Leer,Flaeche,K03457,626
2018,Leer,Flaeche,K03457,718
2019,Leer,Flaeche,K03457,552
1991,Oldenburg,Flaeche,K03458,1173
1992,Oldenburg,Flaeche,K03458,841
1993,Oldenburg,Flaeche,K03458,835
1994,Oldenburg,Flaeche,K03458,864
1995,Oldenburg,Flaeche,K03458,793
1996,Oldenburg,Flaeche,K03458,675
1997,Oldenburg,Flaeche,K03458,967
1998,Oldenburg,Flaeche,K03458,1397
1999,Oldenburg,Flaeche,K03458,968
2000,Oldenburg,Flaeche,K03458,778
2001,Oldenburg,Flaeche,K03458,551
2002,Oldenburg,Flaeche,K03458,679
2003,Oldenburg,Flaeche,K03458,500
2004,Oldenburg,Flaeche,K03458,434
2005,Oldenburg,Flaeche,K03458,486
2006,Oldenburg,Flaeche,K03458,517
2007,Oldenburg,Flaeche,K03458,519
2008,Oldenburg,Flaeche,K03458,530
2009,Oldenburg,Flaeche,K03458,249
2010,Oldenburg,Flaeche,K03458,351
2011,Oldenburg,Flaeche,K03458,324
2012,Oldenburg,Flaeche,K03458,444
2013,Oldenburg,Flaeche,K03458,637
2014,Oldenburg,Flaeche,K03458,359
2015,Oldenburg,Flaeche,K03458,447
2016,Oldenburg,Flaeche,K03458,493
2017,Oldenburg,Flaeche,K03458,377
2018,Oldenburg,Flaeche,K03458,712
2019,Oldenburg,Flaeche,K03458,414
1991,Osnabr�ck,Flaeche,K03459,1509
1992,Osnabr�ck,Flaeche,K03459,1563
1993,Osnabr�ck,Flaeche,K03459,1942
1994,Osnabr�ck,Flaeche,K03459,2509
1995,Osnabr�ck,Flaeche,K03459,1579
1996,Osnabr�ck,Flaeche,K03459,1212
1997,Osnabr�ck,Flaeche,K03459,1217
1998,Osnabr�ck,Flaeche,K03459,1679
1999,Osnabr�ck,Flaeche,K03459,1966
2000,Osnabr�ck,Flaeche,K03459,1054
2001,Osnabr�ck,Flaeche,K03459,1027
2002,Osnabr�ck,Flaeche,K03459,987
2003,Osnabr�ck,Flaeche,K03459,899
2004,Osnabr�ck,Flaeche,K03459,594
2005,Osnabr�ck,Flaeche,K03459,827
2006,Osnabr�ck,Flaeche,K03459,1043
2007,Osnabr�ck,Flaeche,K03459,779
2008,Osnabr�ck,Flaeche,K03459,570
2009,Osnabr�ck,Flaeche,K03459,231
2010,Osnabr�ck,Flaeche,K03459,358
2011,Osnabr�ck,Flaeche,K03459,1005
2012,Osnabr�ck,Flaeche,K03459,1259
2013,Osnabr�ck,Flaeche,K03459,1661
2014,Osnabr�ck,Flaeche,K03459,882
2015,Osnabr�ck,Flaeche,K03459,1205
2016,Osnabr�ck,Flaeche,K03459,1459
2017,Osnabr�ck,Flaeche,K03459,1219
2018,Osnabr�ck,Flaeche,K03459,1153
2019,Osnabr�ck,Flaeche,K03459,966
1991,Vechta,Flaeche,K03460,1281
1992,Vechta,Flaeche,K03460,1516
1993,Vechta,Flaeche,K03460,1303
1994,Vechta,Flaeche,K03460,1484
1995,Vechta,Flaeche,K03460,1436
1996,Vechta,Flaeche,K03460,853
1997,Vechta,Flaeche,K03460,998
1998,Vechta,Flaeche,K03460,1347
1999,Vechta,Flaeche,K03460,1487
2000,Vechta,Flaeche,K03460,851
2001,Vechta,Flaeche,K03460,879
2002,Vechta,Flaeche,K03460,1406
2003,Vechta,Flaeche,K03460,918
2004,Vechta,Flaeche,K03460,689
2005,Vechta,Flaeche,K03460,720
2006,Vechta,Flaeche,K03460,588
2007,Vechta,Flaeche,K03460,703
2008,Vechta,Flaeche,K03460,790
2009,Vechta,Flaeche,K03460,584
2010,Vechta,Flaeche,K03460,1035
2011,Vechta,Flaeche,K03460,774
2012,Vechta,Flaeche,K03460,971
2013,Vechta,Flaeche,K03460,817
2014,Vechta,Flaeche,K03460,563
2015,Vechta,Flaeche,K03460,884
2016,Vechta,Flaeche,K03460,883
2017,Vechta,Flaeche,K03460,890
2018,Vechta,Flaeche,K03460,692
2019,Vechta,Flaeche,K03460,823
1991,Wesermarsch,Flaeche,K03461,544
1992,Wesermarsch,Flaeche,K03461,609
1993,Wesermarsch,Flaeche,K03461,612
1994,Wesermarsch,Flaeche,K03461,559
1995,Wesermarsch,Flaeche,K03461,821
1996,Wesermarsch,Flaeche,K03461,737
1997,Wesermarsch,Flaeche,K03461,744
1998,Wesermarsch,Flaeche,K03461,718
1999,Wesermarsch,Flaeche,K03461,658
2000,Wesermarsch,Flaeche,K03461,511
2001,Wesermarsch,Flaeche,K03461,783
2002,Wesermarsch,Flaeche,K03461,381
2003,Wesermarsch,Flaeche,K03461,242
2004,Wesermarsch,Flaeche,K03461,183
2005,Wesermarsch,Flaeche,K03461,210
2006,Wesermarsch,Flaeche,K03461,119
2007,Wesermarsch,Flaeche,K03461,467
2008,Wesermarsch,Flaeche,K03461,466
2009,Wesermarsch,Flaeche,K03461,446
2010,Wesermarsch,Flaeche,K03461,214
2011,Wesermarsch,Flaeche,K03461,305
2012,Wesermarsch,Flaeche,K03461,214
2013,Wesermarsch,Flaeche,K03461,254
2014,Wesermarsch,Flaeche,K03461,95
2015,Wesermarsch,Flaeche,K03461,378
2016,Wesermarsch,Flaeche,K03461,208
2017,Wesermarsch,Flaeche,K03461,286
2018,Wesermarsch,Flaeche,K03461,244
2019,Wesermarsch,Flaeche,K03461,360
1991,Wittmund,Flaeche,K03462,389
1992,Wittmund,Flaeche,K03462,424
1993,Wittmund,Flaeche,K03462,825
1994,Wittmund,Flaeche,K03462,692
1995,Wittmund,Flaeche,K03462,401
1996,Wittmund,Flaeche,K03462,442
1997,Wittmund,Flaeche,K03462,297
1998,Wittmund,Flaeche,K03462,701
1999,Wittmund,Flaeche,K03462,354
2000,Wittmund,Flaeche,K03462,248
2001,Wittmund,Flaeche,K03462,259
2002,Wittmund,Flaeche,K03462,234
2003,Wittmund,Flaeche,K03462,213
2004,Wittmund,Flaeche,K03462,109
2005,Wittmund,Flaeche,K03462,126
2006,Wittmund,Flaeche,K03462,126
2007,Wittmund,Flaeche,K03462,142
2008,Wittmund,Flaeche,K03462,67
2009,Wittmund,Flaeche,K03462,109
2010,Wittmund,Flaeche,K03462,71
2011,Wittmund,Flaeche,K03462,129
2012,Wittmund,Flaeche,K03462,160
2013,Wittmund,Flaeche,K03462,308
2014,Wittmund,Flaeche,K03462,215
2015,Wittmund,Flaeche,K03462,219
2016,Wittmund,Flaeche,K03462,221
2017,Wittmund,Flaeche,K03462,215
2018,Wittmund,Flaeche,K03462,271
2019,Wittmund,Flaeche,K03462,376
